{"SuperWG/res/gpt_workloads/0.wg": [4.0, 1.0, 1.0, 1.0, 2.25, 4.5, 0.08333333333333333, 0.3333333333333333, 0.08333333333333333, 0.25, 0.08333333333333333, 0.08333333333333333, 0.0, 0.08333333333333333], "SuperWG/res/gpt_workloads/2.wg": [4.0, 1.0, 0.75, 0.5, 1.5, 11.0, 0.2727272727272727, 0.2727272727272727, 0.0, 0.2727272727272727, 0.09090909090909091, 0.09090909090909091, 0.0, 0.0], "SuperWG/res/gpt_workloads/3.wg": [5.0, 1.0, 0.8, 1.0, 0.8, 5.4, 0.2, 0.13333333333333333, 0.06666666666666667, 0.2, 0.06666666666666667, 0.13333333333333333, 0.06666666666666667, 0.13333333333333333], "SuperWG/res/gpt_workloads/4.wg": [11.0, 1.0, 0.6363636363636364, 0.8181818181818182, 1.2727272727272727, 8.818181818181818, 0.12244897959183673, 0.1836734693877551, 0.08163265306122448, 0.16326530612244897, 0.061224489795918366, 0.16326530612244897, 0.02040816326530612, 0.20408163265306123], "SuperWG/res/gpt_workloads/5.wg": [8.0, 1.0, 0.875, 1.0, 1.375, 6.75, 0.20689655172413793, 0.1724137931034483, 0.034482758620689655, 0.20689655172413793, 0.0, 0.1724137931034483, 0.034482758620689655, 0.1724137931034483], "SuperWG/res/gpt_workloads/6.wg": [7.0, 1.0, 0.7142857142857143, 0.8571428571428571, 1.0, 9.857142857142858, 0.14285714285714285, 0.17857142857142858, 0.07142857142857142, 0.14285714285714285, 0.07142857142857142, 0.17857142857142858, 0.03571428571428571, 0.17857142857142858], "SuperWG/res/gpt_workloads/7.wg": [8.0, 1.0, 0.75, 0.75, 1.625, 9.75, 0.14285714285714285, 0.16666666666666666, 0.11904761904761904, 0.14285714285714285, 0.047619047619047616, 0.11904761904761904, 0.07142857142857142, 0.19047619047619047], "SuperWG/res/gpt_workloads/9.wg": [20.0, 1.0, 0.6, 0.5, 0.95, 8.7, 0.15254237288135594, 0.1694915254237288, 0.0847457627118644, 0.1864406779661017, 0.1864406779661017, 0.0847457627118644, 0.01694915254237288, 0.11864406779661017], "SuperWG/res/gpt_workloads/10.wg": [19.0, 1.0, 0.8421052631578947, 0.5789473684210527, 0.9473684210526315, 2.8947368421052633, 0.11666666666666667, 0.23333333333333334, 0.08333333333333333, 0.18333333333333332, 0.11666666666666667, 0.13333333333333333, 0.0, 0.13333333333333333], "SuperWG/res/gpt_workloads/11.wg": [25.0, 1.0, 0.56, 0.56, 0.68, 5.92, 0.09, 0.21, 0.15, 0.18, 0.09, 0.11, 0.03, 0.14], "SuperWG/res/gpt_workloads/12.wg": [16.0, 1.0, 1.0, 0.8125, 1.375, 3.625, 0.09803921568627451, 0.2549019607843137, 0.09803921568627451, 0.21568627450980393, 0.058823529411764705, 0.1568627450980392, 0.0, 0.11764705882352941], "SuperWG/res/gpt_workloads/13.wg": [16.0, 1.0, 0.625, 0.8125, 1.375, 8.125, 0.23880597014925373, 0.16417910447761194, 0.07462686567164178, 0.23880597014925373, 0.029850746268656716, 0.07462686567164178, 0.04477611940298507, 0.13432835820895522], "SuperWG/res/gpt_workloads/14.wg": [15.0, 1.0, 1.0, 0.8666666666666667, 0.8666666666666667, 4.466666666666667, 0.14035087719298245, 0.17543859649122806, 0.14035087719298245, 0.15789473684210525, 0.10526315789473684, 0.10526315789473684, 0.07017543859649122, 0.10526315789473684], "SuperWG/res/gpt_workloads/15.wg": [26.0, 1.0, 0.6153846153846154, 0.6923076923076923, 0.8846153846153846, 10.384615384615385, 0.10344827586206896, 0.13793103448275862, 0.15517241379310345, 0.13793103448275862, 0.10344827586206896, 0.12931034482758622, 0.08620689655172414, 0.14655172413793102], "SuperWG/res/gpt_workloads/16.wg": [6.0, 1.0, 0.6666666666666666, 0.8333333333333334, 0.8333333333333334, 6.0, 0.17647058823529413, 0.17647058823529413, 0.058823529411764705, 0.23529411764705882, 0.058823529411764705, 0.11764705882352941, 0.0, 0.17647058823529413], "SuperWG/res/gpt_workloads/17.wg": [9.0, 1.0, 0.6666666666666666, 0.6666666666666666, 0.8888888888888888, 6.444444444444445, 0.13513513513513514, 0.24324324324324326, 0.13513513513513514, 0.16216216216216217, 0.05405405405405406, 0.05405405405405406, 0.08108108108108109, 0.13513513513513514], "SuperWG/res/gpt_workloads/18.wg": [17.0, 1.0, 0.7647058823529411, 0.6470588235294118, 0.9411764705882353, 5.529411764705882, 0.13114754098360656, 0.14754098360655737, 0.14754098360655737, 0.14754098360655737, 0.13114754098360656, 0.09836065573770492, 0.04918032786885246, 0.14754098360655737], "SuperWG/res/gpt_workloads/19.wg": [11.0, 1.0, 0.7272727272727273, 0.7272727272727273, 1.0909090909090908, 8.181818181818182, 0.16666666666666666, 0.16666666666666666, 0.16666666666666666, 0.16666666666666666, 0.05555555555555555, 0.018518518518518517, 0.09259259259259259, 0.16666666666666666], "SuperWG/res/gpt_workloads/20.wg": [17.0, 1.0, 0.5882352941176471, 0.8235294117647058, 1.411764705882353, 8.235294117647058, 0.2361111111111111, 0.16666666666666666, 0.08333333333333333, 0.2361111111111111, 0.027777777777777776, 0.06944444444444445, 0.05555555555555555, 0.125], "SuperWG/res/gpt_workloads/21.wg": [2.0, 1.0, 0.5, 1.0, 0.0, 4.5, 0.18181818181818182, 0.18181818181818182, 0.09090909090909091, 0.18181818181818182, 0.0, 0.18181818181818182, 0.0, 0.18181818181818182], "SuperWG/res/gpt_workloads/22.wg": [13.0, 1.0, 1.0, 0.7692307692307693, 1.2307692307692308, 8.923076923076923, 0.2037037037037037, 0.2037037037037037, 0.1111111111111111, 0.24074074074074073, 0.05555555555555555, 0.05555555555555555, 0.037037037037037035, 0.09259259259259259], "SuperWG/res/gpt_workloads/23.wg": [5.0, 1.0, 0.4, 0.8, 0.6, 15.6, 0.08333333333333333, 0.20833333333333334, 0.16666666666666666, 0.125, 0.08333333333333333, 0.125, 0.041666666666666664, 0.16666666666666666], "SuperWG/res/gpt_workloads/24.wg": [17.0, 1.0, 0.7647058823529411, 0.7647058823529411, 1.3529411764705883, 9.882352941176471, 0.09210526315789473, 0.18421052631578946, 0.09210526315789473, 0.13157894736842105, 0.039473684210526314, 0.19736842105263158, 0.039473684210526314, 0.2236842105263158], "SuperWG/res/gpt_workloads/25.wg": [5.0, 1.0, 0.8, 1.0, 1.0, 9.0, 0.041666666666666664, 0.16666666666666666, 0.125, 0.08333333333333333, 0.16666666666666666, 0.16666666666666666, 0.041666666666666664, 0.20833333333333334], "SuperWG/res/gpt_workloads/26.wg": [12.0, 1.0, 0.75, 0.75, 1.6666666666666667, 9.25, 0.10344827586206896, 0.1896551724137931, 0.06896551724137931, 0.1724137931034483, 0.08620689655172414, 0.13793103448275862, 0.06896551724137931, 0.1724137931034483], "SuperWG/res/gpt_workloads/27.wg": [17.0, 1.0, 0.7647058823529411, 0.7647058823529411, 1.2941176470588236, 8.294117647058824, 0.09722222222222222, 0.20833333333333334, 0.05555555555555555, 0.1527777777777778, 0.08333333333333333, 0.16666666666666666, 0.027777777777777776, 0.20833333333333334], "SuperWG/res/gpt_workloads/28.wg": [8.0, 1.0, 0.75, 0.75, 1.875, 10.0, 0.15, 0.175, 0.1, 0.15, 0.075, 0.125, 0.05, 0.175], "SuperWG/res/gpt_workloads/29.wg": [8.0, 1.0, 0.875, 1.0, 1.375, 6.75, 0.20689655172413793, 0.1724137931034483, 0.034482758620689655, 0.20689655172413793, 0.0, 0.1724137931034483, 0.034482758620689655, 0.1724137931034483], "SuperWG/res/gpt_workloads/30.wg": [6.0, 1.0, 0.6666666666666666, 0.8333333333333334, 0.8333333333333334, 6.0, 0.17647058823529413, 0.17647058823529413, 0.058823529411764705, 0.23529411764705882, 0.058823529411764705, 0.11764705882352941, 0.0, 0.17647058823529413], "SuperWG/res/gpt_workloads/31.wg": [7.0, 1.0, 0.7142857142857143, 0.8571428571428571, 1.0, 9.857142857142858, 0.14285714285714285, 0.17857142857142858, 0.07142857142857142, 0.14285714285714285, 0.07142857142857142, 0.17857142857142858, 0.03571428571428571, 0.17857142857142858], "SuperWG/res/gpt_workloads/32.wg": [18.0, 1.0, 0.8888888888888888, 0.8888888888888888, 1.7222222222222223, 6.888888888888889, 0.11392405063291139, 0.22784810126582278, 0.12658227848101267, 0.20253164556962025, 0.10126582278481013, 0.0379746835443038, 0.06329113924050633, 0.12658227848101267], "SuperWG/res/gpt_workloads/34.wg": [17.0, 1.0, 0.7647058823529411, 0.6470588235294118, 0.9411764705882353, 5.529411764705882, 0.13114754098360656, 0.14754098360655737, 0.14754098360655737, 0.14754098360655737, 0.13114754098360656, 0.09836065573770492, 0.04918032786885246, 0.14754098360655737],