{
    "max_wal_senders": [
        3.611111111111107,
        10.111111111111107,
        14.0,
        15.5,
        17.0,
        21.0,
        29.5,
        39.5,
        47.0
    ],
    "autovacuum_max_workers": [
        1.5,
        2.5,
        4.0,
        13.0,
        39.5,
        75.66666666666663,
        113.66666666666663,
        151.5,
        184.5
    ],
    "max_connections": [
        124.0,
        198.72222222222223,
        200.55555555555554,
        257.05555555555543,
        569.8888888888888,
        1138.1666666666665,
        1747.0,
        2315.4444444444443,
        2792.9444444444443
    ],
    "wal_buffers": [
        1025.5,
        2047.0,
        2049.0,
        7954.833333333331,
        23814.61111111111,
        46216.94444444444,
        71253.38888888888,
        96673.83333333331,
        120288.6111111111
    ],
    "shared_buffers": [
        890.4444444444445,
        4976.944444444444,
        8190.0,
        8192.0,
        17160.22222222222,
        59603.555555555504,
        156777.11111111107,
        320031.2777777777,
        2252737.0
    ],
    "autovacuum_analyze_scale_factor": [
        0.5,
        1.5,
        4.5,
        15.5,
        32.5,
        52.0,
        72.5,
        91.0
    ],
    "autovacuum_analyze_threshold": [
        35.5,
        105.0,
        140568.9999999993,
        99163448.38888875,
        378069384.4444443,
        710745667.5555553,
        1060398261.333333,
        1482212657.7777777,
        1925611228.4444444
    ],
    "autovacuum_naptime": [
        247.0,
        543.2222222222222,
        683.2222222222222,
        102800.88888888879,
        407921.6666666665,
        853838.9444444443,
        1258887.5,
        1616333.5555555555,
        1979482.722222222
    ],
    "autovacuum_vacuum_cost_delay": [
        6.5,
        16.0,
        18.5,
        20.0,
        24.5,
        37.5,
        56.277777777777715,
        74.27777777777771,
        91.5
    ],
    "autovacuum_vacuum_cost_limit": [
        -0.5,
        0.5,
        470.4444444444443,
        1933.3333333333328,
        3842.722222222221,
        5740.055555555555,
        7638.11111111111,
        9274.888888888889
    ],
    "autovacuum_vacuum_scale_factor": [
        0.5,
        1.5,
        4.5,
        16.0,
        34.5,
        54.0,
        73.5,
        91.5
    ],
    "autovacuum_vacuum_threshold": [
        36.0,
        105.22222222222221,
        1042410.2222222188,
        81358820.5555555,
        373010929.33333325,
        787531196.4444444,
        1196613985.2222223,
        1597343821.2222223,
        1969271558.6666665
    ],
    "backend_flush_after": [
        0.5,
        1.5,
        11.944444444444429,
        44.44444444444443,
        87.16666666666663,
        132.44444444444434,
        183.66666666666657,
        232.88888888888886
    ],
    "bgwriter_delay": [
        943.3888888888888,
        1930.8888888888887,
        1995.5,
        2015.0,
        2548.9999999999995,
        3847.8333333333326,
        5622.944444444442,
        7544.277777777776,
        9232.666666666668
    ],
    "bgwriter_flush_after": [
        24.111111111111107,
        55.11111111111111,
        63.0,
        64.94444444444443,
        76.44444444444443,
        105.0,
        147.5,
        195.0,
        237.0
    ],
    "bgwriter_lru_maxpages": [
        38.0,
        84.0,
        100.5,
        118.0,
        214.55555555555554,
        390.55555555555543,
        578.0555555555553,
        767.9444444444443,
        929.3888888888889
    ],
    "bgwriter_lru_multiplier": [
        0.5,
        1.5,
        2.5,
        3.5,
        5.0,
        7.5,
        9.5
    ],
    "checkpoint_completion_target": [
        0.5
    ],
    "checkpoint_flush_after": [
        13.5,
        29.0,
        32.0,
        35.0,
        61.55555555555554,
        108.55555555555554,
        154.5,
        199.88888888888886,
        238.88888888888886
    ],
    "checkpoint_timeout": [
        273.1111111111111,
        696.6111111111111,
        886.5,
        903.5,
        946.5,
        1354.5,
        2089.166666666666,
        2763.166666666666,
        3337.5
    ],
    "commit_delay": [
        5.5,
        16.5,
        28.833333333333144,
        3971.8888888888873,
        17337.666666666657,
        36205.111111111095,
        55705.05555555555,
        75059.61111111111,
        92166.55555555556
    ],
    "commit_siblings": [
        2.5,
        8.0,
        13.5,
        56.44444444444443,
        177.05555555555551,
        359.6111111111111,
        556.1111111111109,
        749.6111111111109,
        924.5
    ],
    "cursor_tuple_fraction": [
        0.5
    ],
    "deadlock_timeout": [
        749.6111111111111,
        1001.6111111111111,
        99377.33333332931,
        96143416.16666666,
        405217235.49999994,
        787831030.6666665,
        1161886393.3333333,
        1550660960.5555553,
        1941096496.2222223
    ],
    "default_statistics_target": [
        42.5,
        92.5,
        112.5,
        620.0555555555552,
        2074.8888888888887,
        3907.833333333333,
        5730.888888888889,
        7616.944444444444,
        9276.055555555555
    ],
    "effective_cache_size": [
        8939.444444444445,
        16395.666666666668,
        196524.3888888873,
        97787929.6111111,
        371130834.66666657,
        750548975.5555555,
        1165618272.0,
        1609693660.4444444,
        1994832300.2777777
    ],
    "effective_io_concurrency": [
        1.0,
        2.5,
        43.44444444444443,
        186.55555555555551,
        379.7777777777777,
        560.9444444444443,
        748.2777777777777,
        922.5
    ],
    "from_collapse_limit": [
        5.5,
        15.0,
        209947.1666666653,
        97595772.72222221,
        386925334.2222222,
        777827995.3333333,
        1158478751.9444442,
        1540480388.6111107,
        1943521697.833333
    ],
    "geqo_effort": [
        1.5,
        2.5,
        3.5,
        4.5,
        5.5,
        6.5,
        7.5,
        9.0
    ],
    "geqo_generations": [
        3.5,
        11.0,
        523362.83333332377,
        103430445.11111109,
        404591914.6666665,
        815451918.2222221,
        1213704266.6666665,
        1589026090.833333,
        1959212132.0
    ],
    "geqo_pool_size": [
        4.0,
        11.5,
        294015.8333333315,
        77481874.9999999,
        350533207.611111,
        726712412.9444442,
        1133468590.2222219,
        1577706951.1111102,
        1971326051.8888881
    ],
    "geqo_seed": [
        0.5
    ],
    "geqo_threshold": [
        9.0,
        25.0,
        177603.6666666646,
        78448335.22222207,
        373907078.33333313,
        796379380.4444442,
        1213194487.611111,
        1605735213.2777777,
        1966933735.8333335
    ],
    "join_collapse_limit": [
        5.111111111111107,
        14.833333333333321,
        252453.38888888824,
        107204476.16666661,
        411370262.33333325,
        802056693.3333333,
        1192559196.4444442,
        1573482723.5555553,
        1952298423.6111112
    ],
    "maintenance_work_mem": [
        8648.5,
        16400.944444444445,
        64313.77777777695,
        86261978.72222221,
        372202782.6666666,
        790551953.7777774,
        1214737921.166666,
        1620764274.6666665,
        1984125450.5
    ],
    "temp_buffers": [
        121.0,
        162.5,
        108300.49999999955,
        52314837.44444443,
        209236395.55555552,
        434374396.4444442,
        650615310.6666664,
        845029485.7777777,
        1008629682.9444444
    ],
    "vacuum_cost_delay": [
        0.5,
        1.5,
        5.0,
        17.5,
        37.0,
        56.0,
        74.5,
        92.0
    ],